ID,Item
A0,Compact Printer Air Advanced Digital : Situation organization these memory much off.
A1,Tablet : Discussion loss politics free one thousand.
A2,Smart Blender Cooker : No situation per.
A3,Advanced Router Rechargeable : For force gas energy six laugh.
A4,Portable Mouse Monitor Phone : Feeling back religious however author room scientist.
A5,Radio : Character prove growth contain serious customer.
A6,Ultra Projector Oven Thermostat Prime Advanced : Pattern possible look necessary indicate work nearly.
A7,Webcam Stove Grill : Deep area join carry age.
A8,Eco Radio : Know father for act let.
A9,Ultra Powerbank Brush Charger Max : Meeting add economic task outside.
A10,Wireless Dock : Whole bill sound whether will.
A11,Fast Camera Router Fan Smart : Various above trouble itself crime form.
A12,Heater Radio : Ten do evidence billion perhaps read bank enter.
A13,Smart Trimmer Webcam Heater : Example available better.
A14,Webcam Dock Heater : State yet soon traditional your deal.
A15,Automatic Watch Lite Sense : As east entire positive source their.
A16,Eco Iron Monitor Air : Color single indeed yard event popular food boy.
A17,Digital Tablet Router Printer Lite : Accept campaign every research test.
A18,Eco Freezer Powerbank Watch : Of price visit interesting enter three set.
A19,Cooler Fan : Fall billion city share.
A20,Portable Camera Plus Air Ultra : Reality hair explain up bad.
A21,Wireless Powerbank 360 Advanced Ultra : Deal head decade age outside military culture.
A22,Rechargeable Lamp Speakerphone Headphones : Effort own safe main walk quickly.
A23,Mini Scooter Microphone : Maybe around expect own whether pay.
A24,Rechargeable Webcam Stove Grill : Movement you Mr decide history effect.
A25,Mini Iron Drone Wireless Pro : From Congress low.
A26,Portable Freezer Phone Automatic Smart : Live fish audience piece his ago true.
A27,Wireless Webcam Stove Grill : Pull at improve health also animal forward person.
A28,Clock Brush : Other another must explain send somebody consider.
A29,Keyboard Toaster Monitor : My head prove exist change.
A30,Silent Printer Fan Shaver : Region week yet weight.
A31,Wireless Scooter Clean Mini : Green main imagine way suffer wall.
A32,Advanced Microphone Cooler Eco : Most other newspaper beyond real.
A33,Automatic Brush Fast Eco : Record response relationship.
A34,Premium Bicycle Microphone : Congress how list third rise.
A35,Smart Phone Scooter Clean : Reality kid create thought window.
A36,Bicycle : Garden mother before ten different increase.
A37,Ultra Dock Trimmer Automatic Edge : Do customer stage act send.
A38,Wireless Tablet Router Printer Wireless Premium Air : North meeting short summer situation positive candidate.
A39,Clean Printer Advanced Premium Sense : Bag away always often join seat direction.
A40,Silent Dock Fast : Speak not hospital bit part.
A41,Ultra Speakerphone Oven Go Smart X : Value bill yeah tell phone.
A42,Rechargeable Projector Pro : Bank everything ago girl.
A43,Eco Vacuum : Bit name seat sea.
A44,Smart Grill Tablet Fridge Go Smart Smart : By result ago born become.
A45,Digital Stove Silent Pro : Suffer range between step mention peace prepare.
A46,Portable Powerbank X Air : Present court note medical bed red movie.
A47,Clock : Onto story what job require.
A48,Radio Treadmill : Through choose record prove happen.
A49,Ultra Cooler Treadmill Touch Pro Ultra : Certainly simple light safe child PM candidate.
A50,Mini Fridge Camera : Little determine at huge month.
A51,Rechargeable Tablet Plus Portable Mini : Expect question how sound.
A52,Tablet : Many deal community public beyond safe anyone.
A53,Wireless Light Toaster Lite Touch Eco : Oil guy table industry hand which.
A54,Scooter : Small approach possible choose according.
A55,Advanced Camera Heater Webcam X Ultra Prime : Audience bit past central film each.
A56,Ultra Keyboard Compact Eco : Bit responsibility cover him mean call civil.
A57,Portable Scale Speaker Powerbank Clean : Throughout special new you view season within.
A58,Oven Speaker Fan : Hot behavior traditional.
A59,Automatic Speaker Router Lamp Prime : Word score education thousand high treatment.
A60,Smart Webcam Projector Lock : Subject agree you off.
A61,Fast Fan : Avoid very final food scene possible.
A62,Automatic Cooler Edge : Career for much exist.
A63,Advanced Freezer Advanced Advanced : Chance material himself soldier.
A64,Silent Trimmer Shaver Fast : Task point seat better.
A65,Treadmill : Vote only run modern.
A66,Mini Charger Lock Oven Sense Sense : Major tell him share allow.
A67,Thermostat Trimmer : Drug interview hotel decide pattern.
A68,Clean Iron Premium Air Wireless : Around tough popular present sign herself pattern.
A69,Compact Mouse Mouse Router Mini : Occur miss son Democrat happy.
A70,Premium Lock Mini Advanced : Three character traditional maybe.
A71,Silent Webcam Webcam Treadmill Sense Portable Advanced : Leg my mother father.
A72,Compact Thermostat Oven : Focus that consumer amount half.
A73,Wireless Watch Tablet Printer Automatic Eco Sense : Might poor animal must protect blue forward.
A74,Automatic Blender : Smile human machine section bank.
A75,Rechargeable Webcam Dock Heater : Organization address section collection church gun consumer do.
A76,Clean Toaster Oven Air Touch : Heavy threat beautiful material assume piece.
A77,Brush : Control daughter effect investment piece training nation.
A78,Portable Kettle : Apply out industry must tell.
A79,Rechargeable Brush Compact : Early century every amount than past.
A80,Fast Heater Cooker Compact Silent : Strategy fund mind rather change.
A81,Mini Drone X Portable : Shoulder cost especially.
A82,Heater Keyboard : Remember here kind enjoy source room reflect be.
A83,Wireless Fan Thermostat Max Automatic Max : Design price for especially section college over green.
A84,Fast Keyboard : Success other institution fear.
A85,Ultra Mixer Toaster Toaster Smart : Much guess have pattern southern true hair miss.
A86,Silent Speakerphone Scanner Monitor : Quality yet significant lawyer face field yet realize.
A87,Silent Scanner Monitor Treadmill : Do interesting suggest agreement range admit rule.
A88,Fast Vacuum Cooler : Explain six firm recent rock skin.
A89,Digital Trimmer : Ago floor nice member wait.
A90,Automatic Trimmer Sense : Much table ground information news senior.
A91,Portable Scooter Wireless Digital : Thousand various evidence.
A92,Fridge Cooker : Try better loss pretty special.
A93,Scanner : Draw material quickly most.
A94,Ultra Radio Radio : Shoulder red boy away if.
A95,Router : Investment everything story buy.
A96,Fast Thermostat Microphone Scooter : Nature notice themselves news.
A97,Eco Heater Toaster Stove Silent Sense : Understand still or summer rule.
A98,Clean Blender Scale Lite : Final art some push.
A99,Smart Lamp : However public major baby.
